INSERT INTO public.album (id, name) VALUES (1, 'guid00000000000000000000000000000000000000000000000000000101');
INSERT INTO public.album (id, name) VALUES (2, 'guid00000000000000000000000000000000000000000000000000000102');
INSERT INTO public.album (id, name) VALUES (3, 'guid00000000000000000000000000000000000000000000000000000103');
INSERT INTO public.album (id, name) VALUES (4, 'guid00000000000000000000000000000000000000000000000000000104');
INSERT INTO public.album (id, name) VALUES (5, 'guid00000000000000000000000000000000000000000000000000000105');
INSERT INTO public.album (id, name) VALUES (6, '1fd302fc-d75b-46a9-9da0-49034da32935');
INSERT INTO public.album (id, name) VALUES (7, '1fd302fc-d75b-46a9-9da0-49034da32936');
INSERT INTO public.album (id, name) VALUES (8, '1fd302fc-d75b-46a9-9da0-49034da32937');
INSERT INTO public.album (id, name) VALUES (9, '1fd302fc-d75b-46a9-9da0-49034da32938');
INSERT INTO public.album (id, name) VALUES (36, 'f26a6291-ac61-4852-98df-bd1a2fe554de');
INSERT INTO public.album (id, name) VALUES (37, '7623b22f-53cb-459d-99f9-8e710ba5b022');
INSERT INTO public.cost (id, tour_release_id, kind, cost, clipping_age, is_participant) VALUES (1, 1, true, 100000, 2, true);
INSERT INTO public.cost (id, tour_release_id, kind, cost, clipping_age, is_participant) VALUES (2, 2, true, 150000, 3, true);
INSERT INTO public.cost (id, tour_release_id, kind, cost, clipping_age, is_participant) VALUES (3, 3, true, 80000, 2, true);
INSERT INTO public.duration (id, number_days, name) VALUES (4, 14, '14 дней и 13 ночей');
INSERT INTO public.duration (id, number_days, name) VALUES (5, 10, '10 дней и 9 ночей');
INSERT INTO public.duration (id, number_days, name) VALUES (2, 14, '14 дней и 13 ночей');
INSERT INTO public.duration (id, number_days, name) VALUES (3, 15, '15 дней и 14 ночей');
INSERT INTO public.duration (id, number_days, name) VALUES (1, 14, '14 дней и 13 ночей');
INSERT INTO public.files (id, name, album_id) VALUES (1, '01.jpg', 1);
INSERT INTO public.files (id, name, album_id) VALUES (2, '01.jpg', 2);
INSERT INTO public.files (id, name, album_id) VALUES (3, '01.jpg', 3);
INSERT INTO public.files (id, name, album_id) VALUES (4, '01.jpg', 4);
INSERT INTO public.files (id, name, album_id) VALUES (5, '01.jpg', 5);
INSERT INTO public.files (id, name, album_id) VALUES (6, '53554.jpg', 5);
INSERT INTO public.files (id, name, album_id) VALUES (7, '353535.jpg', 5);
INSERT INTO public.files (id, name, album_id) VALUES (8, '45443335.jpg', 5);
INSERT INTO public.files (id, name, album_id) VALUES (9, '25.jpg', 1);
INSERT INTO public.files (id, name, album_id) VALUES (10, '5564.jpg', 1);
INSERT INTO public.files (id, name, album_id) VALUES (11, '355.jpg', 1);
INSERT INTO public.files (id, name, album_id) VALUES (12, '4tt445.jpg', 2);
INSERT INTO public.files (id, name, album_id) VALUES (13, '56yh544.jpg', 2);
INSERT INTO public.files (id, name, album_id) VALUES (14, 'rrrgy566.jpg', 2);
INSERT INTO public.files (id, name, album_id) VALUES (18, 'fg8990qa.jpg', 4);
INSERT INTO public.files (id, name, album_id) VALUES (19, 'nkgt734.jpg', 4);
INSERT INTO public.files (id, name, album_id) VALUES (20, 'vbn6456vff.jpg', 4);
INSERT INTO public.files (id, name, album_id) VALUES (16, 'dd445cv.jpg', 3);
INSERT INTO public.files (id, name, album_id) VALUES (17, 'de452.jpg', 3);
INSERT INTO public.files (id, name, album_id) VALUES (15, '2424534.jpg', 3);
INSERT INTO public.files (id, name, album_id) VALUES (23, 'dll554.jpg', 3);
INSERT INTO public.files (id, name, album_id) VALUES (24, 'f345.jpg', 5);
INSERT INTO public.orders (id, user_id, tour_release_id, coast, status) VALUES (1, 1, 1, 80000, 1);
INSERT INTO public.orders (id, user_id, tour_release_id, coast, status) VALUES (2, 2, 2, 15000, 1);
INSERT INTO public.orders (id, user_id, tour_release_id, coast, status) VALUES (3, 3, 3, 55000, 1);
INSERT INTO public.orders (id, user_id, tour_release_id, coast, status) VALUES (4, 1, 4, 45000, 1);
INSERT INTO public.place (id, name, descr) VALUES (1, 'Токио', 'Столица Японии, её административный, финансовый, промышленный и политический центр. Крупнейшая городская экономика мира. Расположен в юго-восточной части острова Хонсю, на равнине Канто в бухте Токийского залива Тихого океана. Помимо столицы, Токио также является одной из сорока семи префектур страны');
INSERT INTO public.place (id, name, descr) VALUES (2, 'Осака', 'Третий по населению город Японии, который находится в южной части острова Хонсю, близ устья реки Йодо в заливе Осака. Центр одноименной префектуры.');
INSERT INTO public.place (id, name, descr) VALUES (3, 'Киото', 'Расположен в центральной части острова Хонсю, в центре региона Кансай, в юго-западной части префектуры Киото. Город является административным центром этой префектуры. Один из ведущих городов региона Кансай и городского района Осака — Кобе — Киото.');
INSERT INTO public.place (id, name, descr) VALUES (5, 'Камакура', 'один из древних городов Японии, был основан в 1192 году. Расположен в префектуре Канагава, на острове Хонсю. Город с трёх сторон окружен лесистыми горами, а с юга выходит на залив Сагами. Климат Камакуры мягок. Это идеальный зимний и летний курорт.');
INSERT INTO public.place (id, name, descr) VALUES (6, 'Йокогама', 'Йокогама расположена в самом сердце Японии на побережье Тихого океана. Это второй по численности населения город страны с 3,7 миллионами жителей. Он располагается всего в получасе езды от Токио и является столицей префектуры Канагава. Йокогама – это один из 15 городов страны, спроектированный японским правительством.');
INSERT INTO public.place (id, name, descr) VALUES (7, 'Нагоя', 'Четвертый по численности населения город Японии (более 2-х миллионов человек) носит название Нагоя, что означает «именной старинный дом». Он является столицей префектуры Айти и главным городом региона Тюбу, а также равнины Ноби, одной из крупнейших равнин на острове Хонсю. Именно эти места считаются промышленным центром региона. Большая часть населения Нагои работает в традиционных для Тюбу индустриях: авиационная промышленность, керамика, текстиль, машиностроение и некоторые другие.');
INSERT INTO public.place (id, name, descr) VALUES (8, 'Наха', 'Наха является столицей и самым большим городом префектуры Окинава, которая располагается в южной части одноименного острова. На данный момент в Нахе проживает более 300 тысяч человек. Город считается важным транспортным центром региона: здесь есть и морской порт, и аэропорт, которые соединяют Наху с другими частями Окинавы, Японии и со всем остальным миром. До Токио из Нахи можно добраться всего за 2,5 часа, а до Осаки - за 2.');
INSERT INTO public.release (id, tour_id, duration_id, begin_time, capacity) VALUES (3, 3, 3, '2018-11-28 15:00:00.000000', 25);
INSERT INTO public.release (id, tour_id, duration_id, begin_time, capacity) VALUES (2, 2, 2, '2018-12-30 15:00:00.000000', 28);
INSERT INTO public.release (id, tour_id, duration_id, begin_time, capacity) VALUES (1, 1, 1, '2018-11-03 12:00:00.000000', 18);
INSERT INTO public.release (id, tour_id, duration_id, begin_time, capacity) VALUES (5, 5, 5, '2018-12-21 11:11:00.000000', 10);
INSERT INTO public.release (id, tour_id, duration_id, begin_time, capacity) VALUES (4, 4, 4, '2018-11-30 15:00:00.000000', 10);
INSERT INTO public.role (id, name) VALUES (1, 'ROLE_USER');
INSERT INTO public.role (id, name) VALUES (2, 'ROLE_ADMIN');
INSERT INTO public.subject (id, name, descr) VALUES (1, 'Авто-Выставка', 'Посещение различных авто-шоу и выставок');
INSERT INTO public.subject (id, name, descr) VALUES (3, 'Экскурсия', 'Посещение различных достопримечательностей города, всевозможные экскурсии');
INSERT INTO public.subject (id, name, descr) VALUES (2, 'Ярмарка', 'Посещение различных тематических ярмарок');
INSERT INTO public.subject (id, name, descr) VALUES (4, 'VIP-тур', 'Туры, ориентированные на ценителей самого высокого уровня обслуживания. Максимум комфорта, внимания к гостям от начала тура до его завершения.');
INSERT INTO public.subject (id, name, descr) VALUES (5, 'Круиз', 'Во время морского круиза можно интересно и позавательно провести время, также как и расслабиться и вдоволь поплавать.');
INSERT INTO public.subject (id, name, descr) VALUES (7, 'тематика', 'тематика');
INSERT INTO public.tour (id, name, youtube_url, descr, album_guid_id, features, map_url) VALUES (1, 'Тур на автовыставку Tokyo Motor Show', 'KBGI_h54zvo', 'Токийский автосалон или Токио Мотор Шоу — это международная выставка автомобилей, мотоциклов и коммерческих транспортных средств. Выставка проводится раз в два года в Токио. Токийский автосалон проводится при поддержке ассоциации производителей автомобилей Японии и входит в пятёрку крупнейших автосалонов мира, наряду с автосалонами Детройта, Женевы, Франкфурта и Парижа. На шоу в Японии обычно представляют совершенно новые концептуальные машины и новейшие разработки в сфере автопрома, демонстрируется и минимальная доля серийных моделей. Стоит заметить, что крупнейшие автопроизводители в Азии, а именно компании Хонда, Ниссан и Тойота, предпочитают "выпускать в свет" свои новинки именно на этом салоне. (Кстати, другие разработки концерна Тойота можно посмотреть в официальном шоу-руме недалеко', 1, '1) Визовая поддержка;
2) Авиаперелёт Москва-Токио-Москва;
3) Проживание в отелле класса 3*;
4) Питание согласно программе: завтраки;
5) Трансфер на маршрутном такси аэропорт-отель-аэропорт;
6) Проездной JR-Pass (7 дней, взр, эконом).', 'CBBXRIxExB');
INSERT INTO public.tour (id, name, youtube_url, descr, album_guid_id, features, map_url) VALUES (4, 'Обзорная экскурсия по Киото', 'zziVV1yNIf8', 'Ваше путешествие начнется с посещения храма-символа Киото - "Золотого павильона" Кинкакудзи. Весь павильон, кроме нижнего этажа, покрыт листами сусального золота. Вы прогуляетесь по древнему саду, окружающему павильон, и увидите его отражение в озере-зеркале Кёкоти, украшенным многочисленными островками. Далее Вы посетите храм Покоящегося дракона и попробуете разгадать загадку философии дзэн в Саду 15-ти камней храма Рёандзи. С какой бы точки ни рассматривал посетитель сад, пятнадцатый камень всегда остается загороженным другими камнями. Впрочем для любознательных туристов в храме есть миниатюрная модель сада, взглянув на которую Вы сразу увидите, как расположены загадочные камни.  Продолжается экскурсия в Замке Нидзё-дзё, замок - великолепный образец средневековой архитектуры феодальной Японии. Его дворцы входят в список Всемирного наследия Юнеско, и ежегодно привлекают сотни тысяч посетителей. Завершится экскурсия в Павильоне 33-х пролётов. Где Вы увидите 1001 статую Тысячерукой Каннон – богини Милосердия. Статуи богини "охраняют" 28 фигур стражей и две знаменитые статуи богов грома и ветра. Внутри храма находится множество бодхисаттв, стоящих в полный рост. Считается, что если вглядеться в их лица, то можно найти среди них лицо близкого Вам человека.  *Храм Чистой воды, который по праву считается одним из красивейших храмов Киото, до 2020 года находится на реставрации. Сам храм действует, но к сожалению, почти весь закрыт строительными лесами.', 4, '1) Визовая поддержка;
2) Авиаперелёт Москва-Токио-Москва;
3) Проживание в отелле класса 5*;
4) Питание согласно программе: завтраки, обеды, ужины;
5) Трансфер в элитном такси аэропорт-отель-аэропорт;
6) Проездной JR-Pass (на все дни, взр, бизнес).', 'CBBXN8VK~A');
INSERT INTO public.tour (id, name, youtube_url, descr, album_guid_id, features, map_url) VALUES (2, 'Тур на ярмарку красоты Beautyworld Japan', 'r6yXkau13nY', 'Мы приглашаем всех на выставку Beautyworld Japan в октябре! BEAUTYWORLD JAPAN - крупнейшая в Японии и одна из самых престижных в мире ярмарок красоты. Эта выставка высоко ценится профессионалами индустрии красоты. Здесь Вам представится уникальная возможность увидеть инновационные продукты, а также последние тенденции в области развития косметологии в Японии. Выставка демонстрирует широкий спектр продуктов, включая косметические продукты, оборудование и аппараты, продукция для салонов, спа-продукты для поддержания здоровья, продукты ухода за волосами, продукты по уходу за ногтями, парфюмерию, туалетные принадлежности, продукция диетического питания и предметы ухода за больными, и прочую продукцию, включая различные современные услуги и технологии, относящиеся к  индустрии красоты.', 2, '1) Визовая поддержка;
2) Авиаперелёт Москва-Токио-Москва;
3) Проживание в отелле класса 3*;
4) Питание согласно программе: завтраки;
5) Трансфер на маршрутном такси аэропорт-отель-аэропорт;
6) Проездной JR-Pass (7 дней, взр, эконом).', 'CBBXRMDJkA');
INSERT INTO public.tour (id, name, youtube_url, descr, album_guid_id, features, map_url) VALUES (5, 'Красные клены (Япония + Тайвань)', 'VyYxGht-LTg', 'Этот вариант для тех, кто хочет посмотреть разные уголки Японии в сжатые сроки, при этом не думаю о перемещениях между городами с чемоданами! На комфортабельном лайнере Diamond Princess 5*  из Токио через Нагою вы доберетесь до второй столицы Японии  - древнего города Киото. Помимо двух столиц, вы посетите две тропические жемчужины Азии: Окинаву (Япония)  и Тайбэй (Тайвань). На этих островах обещают выше 20 градусов тепла - отличная возможность застать кусочек лета в конце осени!', 5, '1) Визовая поддержка;
2) Авиаперелёт Москва-Токио-Москва;
3) Проживание в отелле класса 5*;
4) Питание согласно программе: завтраки, обеды, ужины;
5) Трансфер в элитном такси аэропорт-отель-аэропорт;
6) Проездной JR-Pass (на все дни, взр, бизнес).', 'CBBXRJrsTD');
INSERT INTO public.tour (id, name, youtube_url, descr, album_guid_id, features, map_url) VALUES (3, 'Все самое лучшее в Камакуре', 'O4C76wRtDD8', 'Наша экскурсия начинается с улицы Вакамия, которую первый сёгун Японии Минатомо Ёритомо приказал соорудить в честь новости о скорейшем появлении наследника. Тропа представляет наибольший интерес весной, когда на высаженных по обеим сторонам деревьях сакуры появляются тысячи бело-розовых нежных соцветий. Наслаждаясь красивыми пейзажами вокруг, Вы дойдете до одного из главных храмов Камакуры - Цуругаока Хатимангу. Хатиман - бог-покровитель не только рода Минамото, одного из могущественнейших родов Японии того времени, но и всего самурайства. Не стоит и говорить о роскошном убранстве этого храма, сооруженного в период расцвета воинского сословия. Затем Вы пройдетесь по торговой улочке Комати-дори, где сможете приобрести сувениры, японские сладости, декоративные предметы ручной работы. По желанию, за дополнительную плату, здесь Вы можете прокатиться на настоящей рикше.', 3, '1) Визовая поддержка;
2) Авиаперелёт Москва-Токио-Москва;
3) Проживание в отелле класса 4*;
4) Питание согласно программе: завтраки, обеды, ужины;
5) Трансфер на маршрутном такси аэропорт-отель-аэропорт;
6) Проездной JR-Pass (7 дней, взр, эконом).', 'CBBXRYbGtB');
INSERT INTO public.tour_place (tour_id, place_id) VALUES (1, 1);
INSERT INTO public.tour_place (tour_id, place_id) VALUES (2, 1);
INSERT INTO public.tour_place (tour_id, place_id) VALUES (3, 5);
INSERT INTO public.tour_place (tour_id, place_id) VALUES (2, 2);
INSERT INTO public.tour_place (tour_id, place_id) VALUES (4, 3);
INSERT INTO public.tour_place (tour_id, place_id) VALUES (5, 1);
INSERT INTO public.tour_place (tour_id, place_id) VALUES (5, 2);
INSERT INTO public.tour_place (tour_id, place_id) VALUES (5, 7);
INSERT INTO public.tour_place (tour_id, place_id) VALUES (5, 8);
INSERT INTO public.tour_subject (tour_id, subject_id) VALUES (1, 1);
INSERT INTO public.tour_subject (tour_id, subject_id) VALUES (2, 2);
INSERT INTO public.tour_subject (tour_id, subject_id) VALUES (3, 3);
INSERT INTO public.tour_subject (tour_id, subject_id) VALUES (4, 4);
INSERT INTO public.tour_subject (tour_id, subject_id) VALUES (4, 3);
INSERT INTO public.tour_subject (tour_id, subject_id) VALUES (5, 4);
INSERT INTO public.tour_subject (tour_id, subject_id) VALUES (5, 5);
INSERT INTO public.users (id, login, pass, fio, call_time, subscribe, bonus, is_active, album_guid_id) VALUES (5, 'admin', '$2a$10$OXpMf0gJyxWcUJqLLTb4IeS872yAyo4h.QUk8WKZ6JvBHftFv3p1e', null, null, false, 0, true, null);
INSERT INTO public.users (id, login, pass, fio, call_time, subscribe, bonus, is_active, album_guid_id) VALUES (1045, 'client1', '$2a$10$HI4AneroHLmOYIa5MYCYjej3uT4K3Puk6cV5Z8w0/w2bwfgDJFSvy', null, null, null, 0, true, null);
INSERT INTO public.users (id, login, pass, fio, call_time, subscribe, bonus, is_active, album_guid_id) VALUES (1046, 'admin123', '$2a$10$l3X55a47Ll6As111iPmjYeTBPh1v879iqhCaOIfTEX0swIj4WZ7QS', null, null, null, 0, true, null);
INSERT INTO public.users (id, login, pass, fio, call_time, subscribe, bonus, is_active, album_guid_id) VALUES (2, 'Login1', 'f4bedb141a702b5c7678059cef4c744c', 'тестовый Login', '2018-11-28 15:00:00.000000', true, 1, null, 6);
INSERT INTO public.users (id, login, pass, fio, call_time, subscribe, bonus, is_active, album_guid_id) VALUES (3, 'Guest', '2380f4bb5aef43cb458ac39bfb40a02e', 'fio', '2018-11-28 15:00:00.000000', true, 1, null, 7);
INSERT INTO public.users (id, login, pass, fio, call_time, subscribe, bonus, is_active, album_guid_id) VALUES (4, 'Dnepr', '72c06ed0e1cc514e6e1a8d008f2a9a7e', 'fio', '2018-11-28 15:00:00.000000', false, 1, null, 8);
INSERT INTO public.users (id, login, pass, fio, call_time, subscribe, bonus, is_active, album_guid_id) VALUES (1, 'user', '$2a$10$XSJ1ZEWGCupZErXpFqE8jOU6VDmaK29u6l.WsCWzsUmpoTtvEWnqm', 'FamilyName', '2018-11-28 15:00:00.000000', false, 0, true, 1);
INSERT INTO public.users (id, login, pass, fio, call_time, subscribe, bonus, is_active, album_guid_id) VALUES (1079, 'usr101', '$2a$10$NWMmI7iOwycHGmn9NWOYq..OWjoKFphsQm/TqGJoxP145TsAzIuCO', null, null, null, 0, true, null);
INSERT INTO public.users (id, login, pass, fio, call_time, subscribe, bonus, is_active, album_guid_id) VALUES (1080, 'ussr', '$2a$10$nRfnPOMWWbCWYal2v0HVOuLn.OLwFnBP9PS.hQKLoS2lepjZx12kq', null, null, null, 0, true, 36);
INSERT INTO public.users (id, login, pass, fio, call_time, subscribe, bonus, is_active, album_guid_id) VALUES (1081, 'user2', '$2a$10$Xau6zQvNsvZDLTKBO3986OYe5QVFOfP/SWcUc1zNlV9Fxq3IHgafe', null, null, null, 0, true, 37);
INSERT INTO public.user_roles (user_id, role_id) VALUES (1, 1);
INSERT INTO public.user_roles (user_id, role_id) VALUES (5, 2);
INSERT INTO public.user_roles (user_id, role_id) VALUES (1045, 1);
INSERT INTO public.user_roles (user_id, role_id) VALUES (1046, 1);
INSERT INTO public.user_roles (user_id, role_id) VALUES (1079, 1);
INSERT INTO public.user_roles (user_id, role_id) VALUES (1080, 1);
INSERT INTO public.user_roles (user_id, role_id) VALUES (1081, 1);
INSERT INTO public.wishlist (client_id, tour_id) VALUES (2, 2);
INSERT INTO public.wishlist (client_id, tour_id) VALUES (3, 2);
INSERT INTO public.wishlist (client_id, tour_id) VALUES (3, 1);
INSERT INTO public.contact (id, client_id, value) VALUES (1, 1, '888888888');
INSERT INTO public.contact (id, client_id, value) VALUES (2, 2, 'не звонить');
INSERT INTO public.contact (id, client_id, value) VALUES (3, 3, 'почта телефон');
INSERT INTO public.contact (id, client_id, value) VALUES (4, 4, 'скайп');
INSERT INTO public.contact (id, client_id, value) VALUES (6, 4, '500');
INSERT INTO public.contact (id, client_id, value) VALUES (59, 1045, 'phone:9504567865');
INSERT INTO public.contact (id, client_id, value) VALUES (60, 1045, 'email:mail@mdk.ru');
INSERT INTO public.contact (id, client_id, value) VALUES (61, 1046, 'email:blzzrd@mail.ru');
INSERT INTO public.contact (id, client_id, value) VALUES (62, 1046, 'phone:9148642389');
INSERT INTO public.contact (id, client_id, value) VALUES (94, 1079, 'phone:9148523389');
INSERT INTO public.contact (id, client_id, value) VALUES (95, 1079, 'email:mail555@mdk.ru');
INSERT INTO public.contact (id, client_id, value) VALUES (96, 1080, 'phone:9148642389');
INSERT INTO public.contact (id, client_id, value) VALUES (97, 1080, 'email:maas@mail.ru');
INSERT INTO public.contact (id, client_id, value) VALUES (98, 1081, 'phone:9148647020');
INSERT INTO public.contact (id, client_id, value) VALUES (99, 1081, 'email:maas3@mail.ru');