INSERT INTO public.contact (id, client_id, value) VALUES (1, 1, '888888888');
INSERT INTO public.contact (id, client_id, value) VALUES (2, 2, 'не звонить');
INSERT INTO public.contact (id, client_id, value) VALUES (3, 3, 'почта телефон');
INSERT INTO public.contact (id, client_id, value) VALUES (4, 4, 'скайп');
INSERT INTO public.contact (id, client_id, value) VALUES (6, 4, '500');
INSERT INTO public.contact (id, client_id, value) VALUES (37, 1034, 'phone:9148642389');
INSERT INTO public.contact (id, client_id, value) VALUES (38, 1034, 'email:maas@mail.ru');
INSERT INTO public.contact (id, client_id, value) VALUES (39, 1035, 'email:blzzrd@mail.ru');
INSERT INTO public.contact (id, client_id, value) VALUES (40, 1035, 'phone:9148642389');
INSERT INTO public.contact (id, client_id, value) VALUES (41, 1036, 'phone:9148642389');
INSERT INTO public.contact (id, client_id, value) VALUES (42, 1036, 'email:hyperthrone@gmail.com');
INSERT INTO public.contact (id, client_id, value) VALUES (43, 1037, 'email:blzzrd!@mail.ru');
INSERT INTO public.contact (id, client_id, value) VALUES (44, 1037, 'phone:9148642389');
INSERT INTO public.contact (id, client_id, value) VALUES (45, 1038, 'phone:9148642389');
INSERT INTO public.contact (id, client_id, value) VALUES (46, 1038, 'email:mail1@mdk.ru');
INSERT INTO public.contact (id, client_id, value) VALUES (47, 1039, 'email:maas33@mail.ru');
INSERT INTO public.contact (id, client_id, value) VALUES (48, 1039, 'phone:9148642389');
INSERT INTO public.duration (id, number_days, name) VALUES (1, 0, 'тест');
INSERT INTO public.duration (id, number_days, name) VALUES (2, 1, '?');
INSERT INTO public.duration (id, number_days, name) VALUES (3, 2, '1 день и 2 ночи');
INSERT INTO public.duration (id, number_days, name) VALUES (4, 3, '3 дня и 2 ночи ');
INSERT INTO public.duration (id, number_days, name) VALUES (5, 4, '4 дня и 3 ночи');
INSERT INTO public.duration (id, number_days, name) VALUES (6, 5, '5 дней 5 ночей');
INSERT INTO public.duration (id, number_days, name) VALUES (7, 5, '5 дней 5 ночей');
INSERT INTO public.duration (id, number_days, name) VALUES (8, 6, '6 дней 5 ночей');
INSERT INTO public.duration (id, number_days, name) VALUES (9, 7, '10 дней 9 ночей');
INSERT INTO public.duration (id, number_days, name) VALUES (10, 33, 'описание');
INSERT INTO public.orders (id, user_id, tour_release_id, coast, status) VALUES (1, 1, 1, 80000, 1);
INSERT INTO public.orders (id, user_id, tour_release_id, coast, status) VALUES (2, 2, 2, 15000, 1);
INSERT INTO public.orders (id, user_id, tour_release_id, coast, status) VALUES (3, 3, 3, 55000, 1);
INSERT INTO public.orders (id, user_id, tour_release_id, coast, status) VALUES (4, 1, 4, 45000, 1);
INSERT INTO public.place (id, name, descr) VALUES (1, 'Токио', 'Столица Японии, её административный, финансовый, промышленный и политический центр. Крупнейшая городская экономика мира. Расположен в юго-восточной части острова Хонсю, на равнине Канто в бухте Токийского залива Тихого океана. Помимо столицы, Токио также является одной из сорока семи префектур страны');
INSERT INTO public.place (id, name, descr) VALUES (2, 'Осака', 'Третий по населению город Японии, который находится в южной части острова Хонсю, близ устья реки Йодо в заливе Осака. Центр одноименной префектуры.');
INSERT INTO public.place (id, name, descr) VALUES (3, 'Киото', 'Расположен в центральной части острова Хонсю, в центре региона Кансай, в юго-западной части префектуры Киото. Город является административным центром этой префектуры. Один из ведущих городов региона Кансай и городского района Осака — Кобе — Киото.');
INSERT INTO public.place (id, name, descr) VALUES (5, 'Камакура', 'один из древних городов Японии, был основан в 1192 году. Расположен в префектуре Канагава, на острове Хонсю. Город с трёх сторон окружен лесистыми горами, а с юга выходит на залив Сагами. Климат Камакуры мягок. Это идеальный зимний и летний курорт.');
INSERT INTO public.place (id, name, descr) VALUES (6, 'Йокогама', 'Йокогама расположена в самом сердце Японии на побережье Тихого океана. Это второй по численности населения город страны с 3,7 миллионами жителей. Он располагается всего в получасе езды от Токио и является столицей префектуры Канагава. Йокогама – это один из 15 городов страны, спроектированный японским правительством.');
INSERT INTO public.place (id, name, descr) VALUES (7, 'Нагоя', 'Четвертый по численности населения город Японии (более 2-х миллионов человек) носит название Нагоя, что означает «именной старинный дом». Он является столицей префектуры Айти и главным городом региона Тюбу, а также равнины Ноби, одной из крупнейших равнин на острове Хонсю. Именно эти места считаются промышленным центром региона. Большая часть населения Нагои работает в традиционных для Тюбу индустриях: авиационная промышленность, керамика, текстиль, машиностроение и некоторые другие.');
INSERT INTO public.place (id, name, descr) VALUES (8, 'Наха', 'Наха является столицей и самым большим городом префектуры Окинава, которая располагается в южной части одноименного острова. На данный момент в Нахе проживает более 300 тысяч человек. Город считается важным транспортным центром региона: здесь есть и морской порт, и аэропорт, которые соединяют Наху с другими частями Окинавы, Японии и со всем остальным миром. До Токио из Нахи можно добраться всего за 2,5 часа, а до Осаки - за 2.');
INSERT INTO public.role (id, name) VALUES (1, 'ROLE_USER');
INSERT INTO public.role (id, name) VALUES (2, 'ROLE_ADMIN');
INSERT INTO public.subject (id, name, descr) VALUES (1, 'Авто-Выставка', 'Посещение различных авто-шоу и выставок');
INSERT INTO public.subject (id, name, descr) VALUES (3, 'Экскурсия', 'Посещение различных достопримечательностей города, всевозможные экскурсии');
INSERT INTO public.subject (id, name, descr) VALUES (2, 'Ярмарка', 'Посещение различных тематических ярмарок');
INSERT INTO public.subject (id, name, descr) VALUES (4, 'VIP-тур', 'Туры, ориентированные на ценителей самого высокого уровня обслуживания. Максимум комфорта, внимания к гостям от начала тура до его завершения.');
INSERT INTO public.subject (id, name, descr) VALUES (5, 'Круиз', 'Во время морского круиза можно интересно и позавательно провести время, также как и расслабиться и вдоволь поплавать.');
INSERT INTO public.tour (id, name, album_guid, youtube_url, descr) VALUES (3, 'Все самое лучшее в Камакуре', 'guid00000000000000000000000000000000000000000000000000000103', null, 'Наша экскурсия начинается с улицы Вакамия, которую первый сёгун Японии Минатомо Ёритомо приказал соорудить в честь новости о скорейшем появлении наследника. Тропа представляет наибольший интерес весной, когда на высаженных по обеим сторонам деревьях сакуры появляются тысячи бело-розовых нежных соцветий. Наслаждаясь красивыми пейзажами вокруг, Вы дойдете до одного из главных храмов Камакуры - Цуругаока Хатимангу. Хатиман - бог-покровитель не только рода Минамото, одного из могущественнейших родов Японии того времени, но и всего самурайства. Не стоит и говорить о роскошном убранстве этого храма, сооруженного в период расцвета воинского сословия. Затем Вы пройдетесь по торговой улочке Комати-дори, где сможете приобрести сувениры, японские сладости, декоративные предметы ручной работы. По желанию, за дополнительную плату, здесь Вы можете прокатиться на настоящей рикше.');
INSERT INTO public.tour (id, name, album_guid, youtube_url, descr) VALUES (1, 'Тур на автовыставку Tokyo Motor Show', 'guid00000000000000000000000000000000000000000000000000000101', null, 'Токийский автосалон или Токио Мотор Шоу — это международная выставка автомобилей, мотоциклов и коммерческих транспортных средств. Выставка проводится раз в два года в Токио. Токийский автосалон проводится при поддержке ассоциации производителей автомобилей Японии и входит в пятёрку крупнейших автосалонов мира, наряду с автосалонами Детройта, Женевы, Франкфурта и Парижа. На шоу в Японии обычно представляют совершенно новые концептуальные машины и новейшие разработки в сфере автопрома, демонстрируется и минимальная доля серийных моделей. Стоит заметить, что крупнейшие автопроизводители в Азии, а именно компании Хонда, Ниссан и Тойота, предпочитают "выпускать в свет" свои новинки именно на этом салоне. (Кстати, другие разработки концерна Тойота можно посмотреть в официальном шоу-руме недалеко');
INSERT INTO public.tour (id, name, album_guid, youtube_url, descr) VALUES (2, 'Тур на ярмарку красоты Beautyworld Japan', 'guid00000000000000000000000000000000000000000000000000000102', null, 'Мы приглашаем всех на выставку Beautyworld Japan в октябре! BEAUTYWORLD JAPAN - крупнейшая в Японии и одна из самых престижных в мире ярмарок красоты. Эта выставка высоко ценится профессионалами индустрии красоты. Здесь Вам представится уникальная возможность увидеть инновационные продукты, а также последние тенденции в области развития косметологии в Японии. Выставка демонстрирует широкий спектр продуктов, включая косметические продукты, оборудование и аппараты, продукция для салонов, спа-продукты для поддержания здоровья, продукты ухода за волосами, продукты по уходу за ногтями, парфюмерию, туалетные принадлежности, продукция диетического питания и предметы ухода за больными, и прочую продукцию, включая различные современные услуги и технологии, относящиеся к  индустрии красоты.');
INSERT INTO public.tour (id, name, album_guid, youtube_url, descr) VALUES (4, 'Обзорная экскурсия по Киото', 'guid00000000000000000000000000000000000000000000000000000104', null, 'Всегда хотели побывать в Японии в период золотой осени, но цены не радовали глаз? Мы спешим исправить эту ситуацию! Мы предлагаем посетить столицу Токио и изумительный молодежный город Осака в рамках спецпредложения! С пакетом "виза+отель+проезд+авиабилет" Вам стоит беспокоиться только о том, чем заполнить свободное время. Впрочем, наш список экскурсий в этом может помочь');
INSERT INTO public.tour (id, name, album_guid, youtube_url, descr) VALUES (5, 'Красные клены (Япония + Тайвань)', 'guid00000000000000000000000000000000000000000000000000000105', 'ссылка1', 'Этот вариант для тех, кто хочет посмотреть разные уголки Японии в сжатые сроки, при этом не думаю о перемещениях между городами с чемоданами! На комфортабельном лайнере Diamond Princess 5*  из Токио через Нагою вы доберетесь до второй столицы Японии  - древнего города Киото. Помимо двух столиц, вы посетите две тропические жемчужины Азии: Окинаву (Япония)  и Тайбэй (Тайвань). На этих островах обещают выше 20 градусов тепла - отличная возможность застать кусочек лета в конце осени!');
INSERT INTO public.tour_cost (id, tour_release_id, kind, cost, clipping_age, is_participant) VALUES (1, 1, true, 100000, 2, true);
INSERT INTO public.tour_cost (id, tour_release_id, kind, cost, clipping_age, is_participant) VALUES (2, 2, true, 150000, 3, true);
INSERT INTO public.tour_cost (id, tour_release_id, kind, cost, clipping_age, is_participant) VALUES (3, 3, true, 80000, 2, true);
INSERT INTO public.tour_place (tour_id, place_id) VALUES (1, 1);
INSERT INTO public.tour_place (tour_id, place_id) VALUES (2, 1);
INSERT INTO public.tour_place (tour_id, place_id) VALUES (3, 5);
INSERT INTO public.tour_place (tour_id, place_id) VALUES (2, 2);
INSERT INTO public.tour_place (tour_id, place_id) VALUES (4, 3);
INSERT INTO public.tour_place (tour_id, place_id) VALUES (5, 1);
INSERT INTO public.tour_place (tour_id, place_id) VALUES (5, 2);
INSERT INTO public.tour_place (tour_id, place_id) VALUES (5, 7);
INSERT INTO public.tour_place (tour_id, place_id) VALUES (5, 8);
INSERT INTO public.tour_release (id, tour_id, duration_id, begin_time, capacity) VALUES (1, 1, 1, '2018-11-03 12:00:00.000000', 0);
INSERT INTO public.tour_release (id, tour_id, duration_id, begin_time, capacity) VALUES (2, 2, 2, '2018-12-30 15:00:00.000000', 0);
INSERT INTO public.tour_release (id, tour_id, duration_id, begin_time, capacity) VALUES (3, 3, 3, '2018-11-28 15:00:00.000000', 0);
INSERT INTO public.tour_release (id, tour_id, duration_id, begin_time, capacity) VALUES (4, 4, 2, '2018-10-30 15:00:00.000000', 0);
INSERT INTO public.tour_release (id, tour_id, duration_id, begin_time, capacity) VALUES (5, 5, 7, '2018-10-20 11:11:00.000000', 26);
INSERT INTO public.tour_release (id, tour_id, duration_id, begin_time, capacity) VALUES (6, 5, 10, '2018-10-27 11:11:00.000000', 22);
INSERT INTO public.tour_subject (tour_id, subject_id) VALUES (1, 1);
INSERT INTO public.tour_subject (tour_id, subject_id) VALUES (2, 2);
INSERT INTO public.tour_subject (tour_id, subject_id) VALUES (3, 3);
INSERT INTO public.tour_subject (tour_id, subject_id) VALUES (4, 4);
INSERT INTO public.tour_subject (tour_id, subject_id) VALUES (4, 3);
INSERT INTO public.tour_subject (tour_id, subject_id) VALUES (5, 4);
INSERT INTO public.tour_subject (tour_id, subject_id) VALUES (5, 5);
INSERT INTO public.user_roles (user_id, role_id) VALUES (1039, 1);
INSERT INTO public.user_roles (user_id, role_id) VALUES (1, 1);
INSERT INTO public.user_roles (user_id, role_id) VALUES (5, 2);
INSERT INTO public.users (id, login, pass, fio, call_time, subscribe, bonus, album_guid, is_active) VALUES (2, 'Login1', 'f4bedb141a702b5c7678059cef4c744c', 'тестовый Login', '2018-11-28 15:00:00.000000', true, 1, '1fd302fc-d75b-46a9-9da0-49034da32935', null);
INSERT INTO public.users (id, login, pass, fio, call_time, subscribe, bonus, album_guid, is_active) VALUES (3, 'Guest', '2380f4bb5aef43cb458ac39bfb40a02e', 'fio', '2018-11-28 15:00:00.000000', true, 1, '1fd302fc-d75b-46a9-9da0-49034da32936', null);
INSERT INTO public.users (id, login, pass, fio, call_time, subscribe, bonus, album_guid, is_active) VALUES (4, 'Dnepr', '72c06ed0e1cc514e6e1a8d008f2a9a7e', 'fio', '2018-11-28 15:00:00.000000', false, 1, '1fd302fc-d75b-46a9-9da0-49034da32937', null);
INSERT INTO public.users (id, login, pass, fio, call_time, subscribe, bonus, album_guid, is_active) VALUES (1034, 'adm', '$2a$10$CC.p6Np5T9kdtATty4yhxeMGa078j.K.km9gX5jP.Ie1sgfU.lfY.', null, null, null, 0, null, true);
INSERT INTO public.users (id, login, pass, fio, call_time, subscribe, bonus, album_guid, is_active) VALUES (1035, 'usr', '$2a$10$Ulxt4oopOfSfdqAxam1Xu.NhGQokk7v8IStJqzjMi5Mq2cMAhOJl6', null, null, null, 0, null, true);
INSERT INTO public.users (id, login, pass, fio, call_time, subscribe, bonus, album_guid, is_active) VALUES (1, 'user', '$2a$10$XSJ1ZEWGCupZErXpFqE8jOU6VDmaK29u6l.WsCWzsUmpoTtvEWnqm', 'FamilyName', '2018-11-28 15:00:00.000000', false, 0, '1fd302fc-d75b-46a9-9da0-49034da32938', true);
INSERT INTO public.users (id, login, pass, fio, call_time, subscribe, bonus, album_guid, is_active) VALUES (5, 'admin', '$2a$10$OXpMf0gJyxWcUJqLLTb4IeS872yAyo4h.QUk8WKZ6JvBHftFv3p1e', null, null, false, 0, null, true);
INSERT INTO public.users (id, login, pass, fio, call_time, subscribe, bonus, album_guid, is_active) VALUES (1036, 'sk0rn', '$2a$10$76O2pvJTKFMdP8csJUDgAe9igzwA00OPlcnF0QGOF.B7hDeonjP4W', null, null, null, 0, null, null);
INSERT INTO public.users (id, login, pass, fio, call_time, subscribe, bonus, album_guid, is_active) VALUES (1037, 'Batman', '$2a$10$rRAU6cJtQ.qwE0S9cJdhfOh2mjS/0MnAttTrhx/t3J4uh8xRw8JVy', null, null, null, 0, null, true);
INSERT INTO public.users (id, login, pass, fio, call_time, subscribe, bonus, album_guid, is_active) VALUES (1038, 'user101', '$2a$10$VpX5NoK1TSO7H1jYig441OHAWCAWcVk4WkDlIgrpOo1NSAYulrHF6', null, null, null, 0, null, true);
INSERT INTO public.users (id, login, pass, fio, call_time, subscribe, bonus, album_guid, is_active) VALUES (1039, 'client', '$2a$10$0G4Kd1iNEEjwAgJ2mT.vUui105vqiW4DzLu0quMGrIlWvU2qeA8tO', null, null, null, 0, null, true);
INSERT INTO public.wishlist (client_id, tour_id) VALUES (1, 1);
INSERT INTO public.wishlist (client_id, tour_id) VALUES (2, 2);
INSERT INTO public.wishlist (client_id, tour_id) VALUES (3, 2);
INSERT INTO public.wishlist (client_id, tour_id) VALUES (3, 1);